"Username";"Password"
"kzumfelde0@cbslocal.com";"7DVbNc4L"
"swaltho1@rambler.ru";"7DVbNc4L"
"epinchin2@studiopress.com";"7DVbNc4L"
"ecouvet3@g.co";"7DVbNc4L"
"lpeaseman4@de.vu";"7DVbNc4L"
"tmorratt5@netvibes.com";"7DVbNc4L"
"gbraben6@godaddy.com";"7DVbNc4L"
"docridigan7@paypal.com";"7DVbNc4L"
"gpetrolli8@ehow.com";"Utg1aaGN"
"ascaplehorn9@ihg.com";"Utg1aaGN"
"kcroysdalea@theatlantic.com";"Utg1aaGN"
"abolverb@geocities.com";"Utg1aaGN"
"mconeybearec@oracle.com";"Utg1aaGN"
"cgirodond@msn.com";"Utg1aaGN"
"rpille@ycombinator.com";"Utg1aaGN"
"phurtf@princeton.edu";"Utg1aaGN"
"blidgertwoodg@jimdo.com";"Utg1aaGN"
"nhammorh@zdnet.com";"Utg1aaGN"
"rpollastronei@oracle.com";"Utg1aaGN"
"ayegorshinj@dedecms.com";"Utg1aaGN"
"ldyek@yandex.ru";"Utg1aaGN"
"cramirol@bloglovin.com";"Utg1aaGN"
"jsondlandm@blogger.com";"Utg1aaGN"
"rpunchardn@theatlantic.com";"Utg1aaGN"
"bmcilvorayo@myspace.com";"Utg1aaGN"
"pprendeguestp@marketwatch.com";"Utg1aaGN"
"kwinderq@wired.com";"Utg1aaGN"
"vharewoodr@biblegateway.com";"Utg1aaGN"
"cteglers@lycos.com";"Utg1aaGN"
"bfarrandt@163.com";"Utg1aaGN"
"lspringleu@networksolutions.com";"Utg1aaGN"
"sstoriev@tinyurl.com";"Utg1aaGN"
"dhalliburtonw@goo.gl";"Utg1aaGN"
"dbudgenx@amazon.co.jp";"Utg1aaGN"
"matheyy@photobucket.com";"Utg1aaGN"
"ulindforsz@tripadvisor.com";"Utg1aaGN"
"ahowlin10@elegantthemes.com";"Utg1aaGN"
"jallen11@photobucket.com";"Utg1aaGN"
"gcoolahan12@psu.edu";"Utg1aaGN"
"rtacey13@fc2.com";"Utg1aaGN"
"dconew14@angelfire.com";"Utg1aaGN"
"gterron15@home.pl";"Utg1aaGN"
"gbirkmyr16@economist.com";"Utg1aaGN"
"abushen17@constantcontact.com";"Utg1aaGN"
"hclipsham18@marriott.com";"Utg1aaGN"
"rfattorini19@discuz.net";"Utg1aaGN"
"cmitham1a@odnoklassniki.ru";"Utg1aaGN"
"jhryniewicz1b@topsy.com";"Utg1aaGN"
"gtortoise1c@trellian.com";"Utg1aaGN"
"clabrom1d@tmall.com";"Utg1aaGN"
"ihall1e@desdev.cn";"Utg1aaGN"
"eodcroft1f@deviantart.com";"Utg1aaGN"
"daires1g@intel.com";"Utg1aaGN"
"bbarby1h@yahoo.co.jp";"Utg1aaGN"
"agrzesiewicz1i@prweb.com";"parRnZQO"
"slanmeid1j@theglobeandmail.com";"parRnZQO"
"hdrewry1k@de.vu";"parRnZQO"
"stumayan1l@zimbio.com";"parRnZQO"
"emuffin1m@fda.gov";"parRnZQO"
"rheijnen1n@sun.com";"parRnZQO"
"abrothwood1o@fc2.com";"parRnZQO"
"sunger1p@marriott.com";"parRnZQO"
"acarwithan1q@symantec.com";"parRnZQO"
"uduck1r@vinaora.com";"parRnZQO"
"asharpling1s@mtv.com";"parRnZQO"
"imaccauley1t@free.fr";"parRnZQO"
"pkittredge1u@kickstarter.com";"parRnZQO"
"ethorne1v@patch.com";"parRnZQO"
"moscroft1w@google.com.au";"parRnZQO"
"oelliff1x@163.com";"parRnZQO"
"sastill1y@joomla.org";"parRnZQO"
"ssegges1z@japanpost.jp";"parRnZQO"
"wosullivan20@redcross.org";"parRnZQO"
"rdedam21@fc2.com";"parRnZQO"
"hrockhill22@geocities.com";"parRnZQO"
"dofficer23@cargocollective.com";"parRnZQO"
"scanland24@nasa.gov";"parRnZQO"
"jparysiak25@japanpost.jp";"parRnZQO"
"mcodrington26@woothemes.com";"parRnZQO"
"rstodd27@nature.com";"parRnZQO"
"ochuney28@oaic.gov.au";"parRnZQO"
"mgalletley29@youtube.com";"parRnZQO"
"lolenikov2a@reverbnation.com";"parRnZQO"
"lsherebrook2b@flickr.com";"parRnZQO"
"ccartlidge2c@mozilla.org";"parRnZQO"
"msells2d@google.co.uk";"parRnZQO"
"dbeaument2e@printfriendly.com";"parRnZQO"
"radamec2f@posterous.com";"parRnZQO"
"mhouchin2g@hexun.com";"parRnZQO"
"lrois2h@a8.net";"parRnZQO"
"noneal2i@yahoo.co.jp";"parRnZQO"
"yreadings2j@slate.com";"parRnZQO"
"speploe2k@odnoklassniki.ru";"parRnZQO"
"rhartzogs2l@biblegateway.com";"parRnZQO"
"wduiged2m@wufoo.com";"parRnZQO"
"jvearncomb2n@behance.net";"parRnZQO"
"cfields2o@icio.us";"parRnZQO"
"rsavell2p@yellowbook.com";"parRnZQO"
"nmccloughlin2q@bigcartel.com";"parRnZQO"
"aphippard2r@homestead.com";"parRnZQO"
"fimos2s@kickstarter.com";"parRnZQO"
"rioselev2t@furl.net";"parRnZQO"
"sspinas2u@earthlink.net";"parRnZQO"
"medmonds2v@nih.gov";"parRnZQO"
"lcollinge2w@clickbank.net";"parRnZQO"
"lkelsow2x@networkadvertising.org";"parRnZQO"
"shavesides2y@vkontakte.ru";"parRnZQO"
"agolde2z@upenn.edu";"parRnZQO"
"bmcgilmartin30@elegantthemes.com";"parRnZQO"
"cmackinnon31@prnewswire.com";"parRnZQO"
"fbroadey32@altervista.org";"parRnZQO"
"mgogie33@ft.com";"parRnZQO"
"dsapsforde34@squarespace.com";"parRnZQO"
"kingraham35@si.edu";"parRnZQO"
"jalves36@booking.com";"parRnZQO"
"rcorryer37@g.co";"parRnZQO"
"bmifflin38@reverbnation.com";"gzMdag8u"
"fkiebes39@zimbio.com";"gzMdag8u"
"bbraunes3a@123-reg.co.uk";"gzMdag8u"
"bjirek3b@tripod.com";"gzMdag8u"
"dbaumer3c@noaa.gov";"gzMdag8u"
"jkivelhan3d@archive.org";"gzMdag8u"
"hjager3e@imdb.com";"gzMdag8u"
"abigmore3f@vk.com";"gzMdag8u"
"asuett3g@sohu.com";"gzMdag8u"
"dbythway3h@hp.com";"gzMdag8u"
"ahender3i@weather.com";"gzMdag8u"
"fdaenen3j@sun.com";"gzMdag8u"
"dwaulker3k@va.gov";"gzMdag8u"
"rsteel3l@noaa.gov";"gzMdag8u"
"bambridge3m@yellowbook.com";"gzMdag8u"
"msymmers3n@reuters.com";"gzMdag8u"
"bjobern3o@i2i.jp";"gzMdag8u"
"cwink3p@shop-pro.jp";"gzMdag8u"
"tdeavenell3q@theguardian.com";"gzMdag8u"
"loscanlon3r@cdc.gov";"gzMdag8u"
"lrobelin3s@cbsnews.com";"gzMdag8u"
"fbiset3t@vkontakte.ru";"gzMdag8u"
"gleisman3u@pagesperso-orange.fr";"gzMdag8u"
"jpreshous3v@jalbum.net";"gzMdag8u"
"kcrusham3w@skype.com";"gzMdag8u"
"abirmingham3x@ucoz.ru";"gzMdag8u"
"bnaisbit3y@blog.com";"gzMdag8u"
"glongfut3z@people.com.cn";"gzMdag8u"
"sarran40@uiuc.edu";"gzMdag8u"
"lbedome41@linkedin.com";"gzMdag8u"
"ahardesty42@indiatimes.com";"gzMdag8u"
"gmalham43@desdev.cn";"gzMdag8u"
"nfairbourn44@amazon.com";"gzMdag8u"
"lbavridge45@e-recht24.de";"gzMdag8u"
"glabbez46@irs.gov";"gzMdag8u"
"sbacke47@sfgate.com";"gzMdag8u"
"jbasil48@xinhuanet.com";"gzMdag8u"
"pmurrum49@livejournal.com";"gzMdag8u"
"apoyzer4a@dot.gov";"gzMdag8u"
"msenchenko4b@latimes.com";"gzMdag8u"
"adobby4c@dion.ne.jp";"gzMdag8u"
"dbushill4d@typepad.com";"gzMdag8u"
"rhurler4e@indiatimes.com";"gzMdag8u"
"salfonso4f@webeden.co.uk";"gzMdag8u"
"ecattonnet4g@canalblog.com";"gzMdag8u"
"ndellatorre4h@wikispaces.com";"gzMdag8u"
"ibowerman4i@issuu.com";"gzMdag8u"
"tswane4j@si.edu";"gzMdag8u"
"ostanluck4k@slashdot.org";"gzMdag8u"
"lcrone4l@mtv.com";"gzMdag8u"
"byeskin4m@squarespace.com";"gzMdag8u"
"acurnnokk4n@engadget.com";"gzMdag8u"
"scleere4o@mac.com";"gzMdag8u"
"dtutsell4p@google.cn";"gzMdag8u"
"ahemeret4q@slashdot.org";"gzMdag8u"
"nvittore4r@themeforest.net";"gzMdag8u"
"kjandl4s@networkadvertising.org";"gzMdag8u"
"lkiwitz4t@list-manage.com";"gzMdag8u"
"atowsie4u@cisco.com";"gzMdag8u"
"tivanilov4v@pcworld.com";"gzMdag8u"
"lbook4w@soundcloud.com";"gzMdag8u"
"scrinkley4x@seattletimes.com";"gzMdag8u"
"efrankcom4y@rediff.com";"gzMdag8u"
"wgoble4z@etsy.com";"gzMdag8u"
"smilesop50@friendfeed.com";"gzMdag8u"
"mmilliere51@bloomberg.com";"gzMdag8u"
"jroch52@unesco.org";"gzMdag8u"
"bohingerty53@nyu.edu";"gzMdag8u"
"akivelhan54@army.mil";"gzMdag8u"
"lmateus55@nasa.gov";"gzMdag8u"
"lhoggan56@google.pl";"gzMdag8u"
"tbrowell57@youtube.com";"gzMdag8u"
"bfurlong58@reuters.com";"gzMdag8u"
"bpasfield59@omniture.com";"gzMdag8u"
"ablaine5a@epa.gov";"gzMdag8u"
"nleverentz5b@hhs.gov";"gzMdag8u"
"llamkin5c@icio.us";"gzMdag8u"
"lcrookshank5d@yahoo.co.jp";"gzMdag8u"
"ljeannin5e@tamu.edu";"gzMdag8u"
"spalluschek5f@unesco.org";"gzMdag8u"
"dbeal5g@ftc.gov";"gzMdag8u"
"adecourcey5h@cafepress.com";"gzMdag8u"
"obourgaize5i@senate.gov";"2gX3nfJv"
"kalforde5j@amazonaws.com";"2gX3nfJv"
"jdibernardo5k@fda.gov";"2gX3nfJv"
"kdoddridge5l@behance.net";"2gX3nfJv"
"aprando5m@free.fr";"2gX3nfJv"
"mheigold5n@cyberchimps.com";"2gX3nfJv"
"apettitt5o@springer.com";"2gX3nfJv"
"tgiannotti5p@scribd.com";"2gX3nfJv"
"calten5q@mac.com";"2gX3nfJv"
"rlouis5r@answers.com";"2gX3nfJv"
"jhounsome5s@mlb.com";"2gX3nfJv"
"kbagshawe5t@rambler.ru";"2gX3nfJv"
"tguidone5u@360.cn";"2gX3nfJv"
"owooffitt5v@example.com";"2gX3nfJv"
"tduligall5w@prnewswire.com";"2gX3nfJv"
"uconyer5x@twitter.com";"2gX3nfJv"
"lromand5y@mit.edu";"2gX3nfJv"
"vtremblay5z@t.co";"2gX3nfJv"
"bogelbe60@chicagotribune.com";"2gX3nfJv"
"ebax61@foxnews.com";"2gX3nfJv"
"rniles62@purevolume.com";"2gX3nfJv"
"fsemrad63@arstechnica.com";"2gX3nfJv"
"cguidini64@blogtalkradio.com";"2gX3nfJv"
"tgracewood65@sitemeter.com";"2gX3nfJv"
"tlegging66@domainmarket.com";"2gX3nfJv"
"ndawber67@bluehost.com";"2gX3nfJv"
"mgossage68@csmonitor.com";"2gX3nfJv"
"sghilks69@icio.us";"2gX3nfJv"
"asentinella6a@mayoclinic.com";"2gX3nfJv"
"tkearney6b@dell.com";"2gX3nfJv"
"ibarbe6c@utexas.edu";"2gX3nfJv"
"dkenforth6d@disqus.com";"2gX3nfJv"
"fcrat6e@nature.com";"2gX3nfJv"
"slidgard6f@altervista.org";"2gX3nfJv"
"ebooth6g@webs.com";"2gX3nfJv"
"slilleycrop6h@blog.com";"2gX3nfJv"
"ibroz6i@blinklist.com";"2gX3nfJv"
"gculpan6j@irs.gov";"2gX3nfJv"
"kpirouet6k@jugem.jp";"2gX3nfJv"
"dcondon6l@ucsd.edu";"2gX3nfJv"
"eramme6m@naver.com";"2gX3nfJv"
"tivankov6n@netlog.com";"2gX3nfJv"
"chardern6o@cpanel.net";"2gX3nfJv"
"jwalster6p@tinypic.com";"2gX3nfJv"
"mclapshaw6q@altervista.org";"2gX3nfJv"
"mcaudell6r@scientificamerican.com";"2gX3nfJv"
"ihayller6s@instagram.com";"2gX3nfJv"
"wwiddop6t@imageshack.us";"2gX3nfJv"
"bwheildon6u@drupal.org";"2gX3nfJv"
"arocks6v@ucoz.ru";"2gX3nfJv"
"rclayson6w@nsw.gov.au";"2gX3nfJv"
"bwoodhouse6x@harvard.edu";"2gX3nfJv"
"eeckersall6y@nature.com";"2gX3nfJv"
"kmanach6z@list-manage.com";"2gX3nfJv"
"rworswick70@oracle.com";"2gX3nfJv"
"gstronough71@creativecommons.org";"2gX3nfJv"
"hsouza72@archive.org";"2gX3nfJv"
"bzellick73@intel.com";"2gX3nfJv"
"acoche74@huffingtonpost.com";"2gX3nfJv"
"mduckham75@wikimedia.org";"2gX3nfJv"
"chadny76@sitemeter.com";"2gX3nfJv"
"isainteau77@pinterest.com";"2gX3nfJv"
"rschoroder78@harvard.edu";"2gX3nfJv"
"csnoxall79@prweb.com";"2gX3nfJv"
"hmarvelley7a@baidu.com";"2gX3nfJv"
"rkann7b@tinypic.com";"2gX3nfJv"
"tcockett7c@storify.com";"2gX3nfJv"
"csarre7d@simplemachines.org";"2gX3nfJv"
"vwingatt7e@godaddy.com";"2gX3nfJv"
"erobbe7f@craigslist.org";"2gX3nfJv"
"dbelfield7g@cnn.com";"2gX3nfJv"
"msamworth7h@harvard.edu";"2gX3nfJv"
"abraga7i@webeden.co.uk";"2gX3nfJv"
"vtranfield7j@ftc.gov";"2gX3nfJv"
"tstegell7k@weibo.com";"2gX3nfJv"
"bbromehead7l@sitemeter.com";"2gX3nfJv"
"vdealtry7m@seattletimes.com";"2gX3nfJv"
"djewster7n@comsenz.com";"2gX3nfJv"
"msherwen7o@elegantthemes.com";"2gX3nfJv"
"olabel7p@epa.gov";"2gX3nfJv"
"ebeakes7q@meetup.com";"r51Gal1T"
"oblair7r@sfgate.com";"r51Gal1T"
"lgodden7s@statcounter.com";"r51Gal1T"
"joller7t@livejournal.com";"r51Gal1T"
"nstollberger7u@va.gov";"r51Gal1T"
"tduckett7v@hp.com";"r51Gal1T"
"hlindner7w@walmart.com";"r51Gal1T"
"mrobe7x@tripadvisor.com";"r51Gal1T"
"kkemston7y@nbcnews.com";"r51Gal1T"
"ccanario7z@list-manage.com";"r51Gal1T"
"edifilippo80@ezinearticles.com";"r51Gal1T"
"mlamberteschi81@sfgate.com";"r51Gal1T"
"ahadye82@unicef.org";"r51Gal1T"
"lporker83@amazonaws.com";"r51Gal1T"
"dkelleher84@tumblr.com";"r51Gal1T"
"dsheron85@omniture.com";"r51Gal1T"
"gfiggures86@github.io";"r51Gal1T"
"arafter87@sogou.com";"r51Gal1T"
"sarrundale88@ocn.ne.jp";"r51Gal1T"
"rpratton89@sohu.com";"r51Gal1T"
"eathowe8a@github.io";"r51Gal1T"
"mlowen8b@blogger.com";"r51Gal1T"
"bliddyard8c@buzzfeed.com";"r51Gal1T"
"knorthgraves8d@globo.com";"r51Gal1T"
"wtalkington8e@woothemes.com";"r51Gal1T"
"jchauvey8f@weebly.com";"r51Gal1T"
"rhearl8g@ftc.gov";"r51Gal1T"
"fdaborne8h@yellowbook.com";"r51Gal1T"
"jfessby8i@livejournal.com";"r51Gal1T"
"rburberry8j@aol.com";"r51Gal1T"
"gcreswell8k@examiner.com";"r51Gal1T"
"cjenkins8l@wufoo.com";"r51Gal1T"
"kmilborn8m@hp.com";"r51Gal1T"
"sborland8n@indiegogo.com";"r51Gal1T"
"abaughan8o@tamu.edu";"r51Gal1T"
"aplover8p@google.com.hk";"r51Gal1T"
"mcortes8q@europa.eu";"r51Gal1T"
"hsillwood8r@yale.edu";"r51Gal1T"
"sshorthouse8s@ovh.net";"r51Gal1T"
"mmaccrae8t@tmall.com";"r51Gal1T"
"jjacson8u@ft.com";"r51Gal1T"
"gpetchell8v@wikispaces.com";"r51Gal1T"
"oafield8w@gizmodo.com";"r51Gal1T"
"jcromleholme8x@acquirethisname.com";"r51Gal1T"
"blargen8y@unicef.org";"r51Gal1T"
"pbedenham8z@drupal.org";"r51Gal1T"
"ccraig90@wikispaces.com";"r51Gal1T"
"epiotr91@com.com";"r51Gal1T"
"rromain92@chicagotribune.com";"r51Gal1T"
"ggorioli93@mit.edu";"r51Gal1T"
"eogormally94@examiner.com";"r51Gal1T"
"aworrall95@shareasale.com";"r51Gal1T"
"mshama96@chronoengine.com";"r51Gal1T"
"lmccrachen97@vimeo.com";"r51Gal1T"
"raulsford98@wordpress.org";"r51Gal1T"
"cribey99@posterous.com";"r51Gal1T"
"prief9a@weebly.com";"r51Gal1T"
"agoranov9b@icq.com";"r51Gal1T"
"lhillaby9c@devhub.com";"r51Gal1T"
"dmeacher9d@webs.com";"r51Gal1T"
"khelversen9e@youtu.be";"r51Gal1T"
"nplak9f@csmonitor.com";"r51Gal1T"
"ctrethewey9g@google.it";"r51Gal1T"
"ckenny9h@reference.com";"r51Gal1T"
"mhayzer9i@yandex.ru";"r51Gal1T"
"eyakubov9j@jugem.jp";"r51Gal1T"
"oclyne9k@discovery.com";"r51Gal1T"
"hcranmer9l@amazon.co.jp";"r51Gal1T"
"jrimell9m@statcounter.com";"r51Gal1T"
"tcroydon9n@dropbox.com";"r51Gal1T"
"dstentiford9o@spiegel.de";"r51Gal1T"
"lbettridge9p@squarespace.com";"r51Gal1T"
"dflement9q@geocities.com";"FmDfnkCV"
"brhys9r@creativecommons.org";"FmDfnkCV"
"rnewcomen9s@ed.gov";"FmDfnkCV"
"ajerdein9t@multiply.com";"FmDfnkCV"
"dcleverly9u@nsw.gov.au";"FmDfnkCV"
"avelte9v@ebay.com";"FmDfnkCV"
"cdenmead9w@wsj.com";"FmDfnkCV"
"tfinding9x@cdc.gov";"FmDfnkCV"
"lroumier9y@dmoz.org";"FmDfnkCV"
"jkibbee9z@bloomberg.com";"FmDfnkCV"
"rovingtona0@admin.ch";"FmDfnkCV"
"bchilla1@nhs.uk";"FmDfnkCV"
"tbestwerthicka2@theguardian.com";"FmDfnkCV"
"bnorthfielda3@businesswire.com";"FmDfnkCV"
"dquiltera4@soundcloud.com";"FmDfnkCV"
"bdulwitcha5@tuttocitta.it";"FmDfnkCV"
"hdadgea6@omniture.com";"FmDfnkCV"
"gtittertona7@smh.com.au";"FmDfnkCV"
"carundella8@mediafire.com";"FmDfnkCV"
"fhamneta9@dot.gov";"FmDfnkCV"
"ctimsaa@microsoft.com";"FmDfnkCV"
"sgurnellab@reddit.com";"FmDfnkCV"
"mraynerac@techcrunch.com";"FmDfnkCV"
"lovittsad@elegantthemes.com";"FmDfnkCV"
"agallacherae@gnu.org";"FmDfnkCV"
"djessaf@xinhuanet.com";"FmDfnkCV"
"vkemag@cnet.com";"FmDfnkCV"
"sspeereah@t-online.de";"FmDfnkCV"
"cbrachai@cdc.gov";"FmDfnkCV"
"nmildenhallaj@taobao.com";"FmDfnkCV"
"biacopoak@prlog.org";"FmDfnkCV"
"palpineal@bloglovin.com";"FmDfnkCV"
"atrevnaam@surveymonkey.com";"FmDfnkCV"
"tferrettinoan@china.com.cn";"FmDfnkCV"
"nsayao@addthis.com";"FmDfnkCV"
"acollomosseap@washingtonpost.com";"FmDfnkCV"
"swebbaq@yolasite.com";"FmDfnkCV"
"lmullanear@tamu.edu";"FmDfnkCV"
"emapledorumas@bloglines.com";"FmDfnkCV"
"amcavincheyat@slideshare.net";"FmDfnkCV"
"rschiellau@dell.com";"FmDfnkCV"
"gsworderav@omniture.com";"FmDfnkCV"
"nsleefordaw@ihg.com";"FmDfnkCV"
"amicheliax@harvard.edu";"FmDfnkCV"
"aarrundaleay@moonfruit.com";"FmDfnkCV"
"mcastelinaz@theguardian.com";"FmDfnkCV"
"tchesonb0@jimdo.com";"FmDfnkCV"
"chendenb1@1688.com";"FmDfnkCV"
"cmactrusteyb2@howstuffworks.com";"FmDfnkCV"
"lenriquezb3@dailymail.co.uk";"FmDfnkCV"
"dtomensonb4@yellowpages.com";"FmDfnkCV"
"wtextonb5@blogspot.com";"FmDfnkCV"
"fgossartb6@1und1.de";"FmDfnkCV"
"bstratzb7@twitter.com";"FmDfnkCV"
"acrownb8@exblog.jp";"FmDfnkCV"
"mmatterdaceb9@newyorker.com";"FmDfnkCV"
"gdibnahba@hibu.com";"FmDfnkCV"
"kkirrensbb@wikia.com";"FmDfnkCV"
"dmakerbc@shutterfly.com";"FmDfnkCV"
"ajeroschbd@blog.com";"FmDfnkCV"
"drubeebe@hibu.com";"FmDfnkCV"
"mferrerbf@ihg.com";"FmDfnkCV"
"ggodierbg@edublogs.org";"FmDfnkCV"
"ptullettbh@toplist.cz";"FmDfnkCV"
"nsheehanbi@sitemeter.com";"FmDfnkCV"
"nvoyseybj@nature.com";"FmDfnkCV"
"kosichevbk@wp.com";"FmDfnkCV"
"bharnettybl@t-online.de";"FmDfnkCV"
"jtipladybm@google.pl";"FmDfnkCV"
"abannisterbn@baidu.com";"FmDfnkCV"
"astarkiebo@reddit.com";"FmDfnkCV"
"gmcdonnellbp@go.com";"FmDfnkCV"
"pquestierbq@google.it";"FmDfnkCV"
"ssebrookbr@marketwatch.com";"FmDfnkCV"
"hmongetbs@com.com";"FmDfnkCV"
"nclementetbt@drupal.org";"FmDfnkCV"
"lmannockbu@hao123.com";"FmDfnkCV"
"gholganbv@google.es";"FmDfnkCV"
"hadelsbergbw@wufoo.com";"aUO51jNW"
"wfarnsworthbx@dailymail.co.uk";"aUO51jNW"
"afostby@bloomberg.com";"aUO51jNW"
"rsieghardbz@noaa.gov";"aUO51jNW"
"astraffordc0@lycos.com";"aUO51jNW"
"rclayhillc1@squarespace.com";"aUO51jNW"
"lweippertc2@engadget.com";"aUO51jNW"
"wmatchettc3@mozilla.org";"aUO51jNW"
"cciobutaruc4@hhs.gov";"aUO51jNW"
"mlesurfc5@diigo.com";"aUO51jNW"
"nbinglec6@pinterest.com";"aUO51jNW"
"rtouzeyc7@clickbank.net";"aUO51jNW"
"lcheakec8@europa.eu";"aUO51jNW"
"slomondc9@pen.io";"aUO51jNW"
"ejannequinca@nymag.com";"aUO51jNW"
"rthewlescb@wunderground.com";"aUO51jNW"
"nmassenhovecc@ebay.com";"aUO51jNW"
"eattaccd@comcast.net";"aUO51jNW"
"bcheneyce@reference.com";"aUO51jNW"
"fblasingcf@goo.gl";"aUO51jNW"
"ademschkecg@mit.edu";"aUO51jNW"
"hferrantch@ameblo.jp";"aUO51jNW"
"dnathonci@ycombinator.com";"aUO51jNW"
"lspickcj@lulu.com";"aUO51jNW"
"lbourdonck@skype.com";"aUO51jNW"
"lfavellcl@walmart.com";"aUO51jNW"
"gbridgewatercm@delicious.com";"aUO51jNW"
"kluntcn@chicagotribune.com";"aUO51jNW"
"blabarreco@ft.com";"aUO51jNW"
"sthunnercliffecp@addthis.com";"aUO51jNW"
"klinskeycq@dion.ne.jp";"aUO51jNW"
"dhessercr@cbslocal.com";"aUO51jNW"
"esangecs@indiatimes.com";"aUO51jNW"
"ssalternct@ox.ac.uk";"aUO51jNW"
"thallewellcu@tiny.cc";"aUO51jNW"
"cburbridgecv@ycombinator.com";"aUO51jNW"
"powercw@clickbank.net";"aUO51jNW"
"gcockittcx@ning.com";"aUO51jNW"
"adoerscy@cyberchimps.com";"aUO51jNW"
"sthrelfallcz@mail.ru";"aUO51jNW"
"lgoughd0@unc.edu";"aUO51jNW"
"ofiggsd1@cnbc.com";"aUO51jNW"
"rcopplediked2@marketwatch.com";"aUO51jNW"
"gclandillond3@flavors.me";"aUO51jNW"
"bgyurkod4@t.co";"aUO51jNW"
"jwoolisd5@devhub.com";"aUO51jNW"
"aaleshkovd6@mlb.com";"aUO51jNW"
"bdairtond7@tumblr.com";"aUO51jNW"
"adebeauchempd8@ask.com";"aUO51jNW"
"etrekerd9@house.gov";"aUO51jNW"
"cmaccollomda@howstuffworks.com";"aUO51jNW"
"vgilbeydb@livejournal.com";"aUO51jNW"
"olowresdc@washingtonpost.com";"aUO51jNW"
"ddoulldd@deliciousdays.com";"aUO51jNW"
"bginnalyde@mlb.com";"aUO51jNW"
"rbrenstuhldf@imageshack.us";"aUO51jNW"
"mhubbuckedg@people.com.cn";"aUO51jNW"
"ybeamsondh@weebly.com";"aUO51jNW"
"oleapdi@wired.com";"aUO51jNW"
"kbosherdj@redcross.org";"aUO51jNW"
"rhyderdk@behance.net";"aUO51jNW"
"mdixseedl@blogspot.com";"aUO51jNW"
"tmclernondm@toplist.cz";"aUO51jNW"
"jsloegravedn@psu.edu";"aUO51jNW"
"pstansburydo@engadget.com";"aUO51jNW"
"mfullstonedp@cnbc.com";"aUO51jNW"
"gclarsondq@ask.com";"aUO51jNW"
"jmariadr@bluehost.com";"aUO51jNW"
"ajovicevicds@nsw.gov.au";"aUO51jNW"
"hhusherdt@sciencedirect.com";"aUO51jNW"
"dgarrickdu@liveinternet.ru";"aUO51jNW"
"bballancedv@ehow.com";"aUO51jNW"
"dponterdw@eepurl.com";"aUO51jNW"
"eyearnsdx@cbslocal.com";"RsrInq53"
"kkinzettdy@hp.com";"RsrInq53"
"asobieskidz@newsvine.com";"RsrInq53"
"abendalle0@arizona.edu";"RsrInq53"
"aduplaine1@skype.com";"RsrInq53"
"lgreavese2@netscape.com";"RsrInq53"
"aashtone3@timesonline.co.uk";"RsrInq53"
"abrente4@blogs.com";"RsrInq53"
"mwoodiere5@163.com";"RsrInq53"
"wpaulusche6@telegraph.co.uk";"RsrInq53"
"sbagleye7@sogou.com";"RsrInq53"
"sallawaye8@i2i.jp";"RsrInq53"
"alacottee9@weibo.com";"RsrInq53"
"sburberryea@comsenz.com";"RsrInq53"
"fblaydeb@g.co";"RsrInq53"
"glapsleyec@kickstarter.com";"RsrInq53"
"nfloched@wufoo.com";"RsrInq53"
"yespinoyee@wufoo.com";"RsrInq53"
"aamysef@tinyurl.com";"RsrInq53"
"mdickeneg@pinterest.com";"RsrInq53"
"nlyfordeh@timesonline.co.uk";"RsrInq53"
"pdavidescuei@twitpic.com";"RsrInq53"
"tventuroliej@sbwire.com";"RsrInq53"
"greichhardtek@nature.com";"RsrInq53"
"mmoresideel@boston.com";"RsrInq53"
"sbruneauem@godaddy.com";"RsrInq53"
"brawdalesen@xing.com";"RsrInq53"
"hluneyeo@google.nl";"RsrInq53"
"kmcwilliamsep@ucoz.ru";"RsrInq53"
"hdayeseq@umich.edu";"RsrInq53"
"fbomfielder@mtv.com";"RsrInq53"
"aiwanczykes@nyu.edu";"RsrInq53"
"ybruffet@constantcontact.com";"RsrInq53"
"mtookeeu@deliciousdays.com";"RsrInq53"
"soxborrowev@sohu.com";"RsrInq53"
"bmullengerew@go.com";"RsrInq53"
"tlarkcumex@wordpress.org";"RsrInq53"
"pjorgenseney@princeton.edu";"RsrInq53"
"jgillez@rambler.ru";"RsrInq53"
"ncustf0@shareasale.com";"RsrInq53"
"rfyfef1@ocn.ne.jp";"RsrInq53"
"pmerrydewf2@globo.com";"RsrInq53"
"dbethamf3@xing.com";"RsrInq53"
"wgraalmansf4@marketwatch.com";"RsrInq53"
"smeriothf5@dmoz.org";"RsrInq53"
"sdeliasf6@nsw.gov.au";"RsrInq53"
"bslipperf7@hao123.com";"RsrInq53"
"cvestf8@who.int";"RsrInq53"
"vbartulf9@networksolutions.com";"RsrInq53"
"wmowsonfa@jalbum.net";"RsrInq53"
"iklaaasenfb@google.com.hk";"RsrInq53"
"usambrookfc@parallels.com";"RsrInq53"
"mfayermanfd@spiegel.de";"RsrInq53"
"jrikkardfe@dailymail.co.uk";"RsrInq53"
"hdemariaff@tiny.cc";"RsrInq53"
"gligertonfg@foxnews.com";"RsrInq53"
"sdankovfh@meetup.com";"RsrInq53"
"sheggmanfi@mashable.com";"RsrInq53"
"vsideyfj@hao123.com";"RsrInq53"
"kshervilfk@parallels.com";"RsrInq53"
"ccountfl@nifty.com";"RsrInq53"
"pshallowfm@1688.com";"RsrInq53"
"bdirrfn@sfgate.com";"RsrInq53"
"tshearerfo@mashable.com";"RsrInq53"
"sguyersfp@lulu.com";"RsrInq53"
"canscombefq@alibaba.com";"RsrInq53"
"masquithfr@samsung.com";"RsrInq53"
"dshovlinfs@aol.com";"RsrInq53"
"tfevierft@ustream.tv";"RsrInq53"
"slovedayfu@gravatar.com";"RsrInq53"
"mteasellfv@gnu.org";"mZ3h1pG4"
"rdriolifw@pinterest.com";"mZ3h1pG4"
"lgascardfx@networkadvertising.org";"mZ3h1pG4"
"cbarksfy@bigcartel.com";"mZ3h1pG4"
"cheersemafz@delicious.com";"mZ3h1pG4"
"jskirving0@illinois.edu";"mZ3h1pG4"
"mdimsdaleg1@toplist.cz";"mZ3h1pG4"
"nsollasg2@shareasale.com";"mZ3h1pG4"
"agabbatissg3@digg.com";"mZ3h1pG4"
"dmourniang4@techcrunch.com";"mZ3h1pG4"
"gralling5@is.gd";"mZ3h1pG4"
"cmanilowg6@livejournal.com";"mZ3h1pG4"
"yleteveg7@51.la";"mZ3h1pG4"
"cvannig8@github.com";"mZ3h1pG4"
"efairchildg9@spotify.com";"mZ3h1pG4"
"bdomeniconega@deviantart.com";"mZ3h1pG4"
"ethomegb@diigo.com";"mZ3h1pG4"
"dpoundesfordgc@behance.net";"mZ3h1pG4"
"gamthorgd@si.edu";"mZ3h1pG4"
"fcrossege@economist.com";"mZ3h1pG4"
"sscarglegf@phoca.cz";"mZ3h1pG4"
"echessillgg@google.co.uk";"mZ3h1pG4"
"trighygh@wsj.com";"mZ3h1pG4"
"ssansamgi@lulu.com";"mZ3h1pG4"
"kdrablegj@harvard.edu";"mZ3h1pG4"
"rmeniergk@utexas.edu";"mZ3h1pG4"
"fspeermangl@ow.ly";"mZ3h1pG4"
"cfelgatgm@4shared.com";"mZ3h1pG4"
"vbernardellign@walmart.com";"mZ3h1pG4"
"rlongmorego@sun.com";"mZ3h1pG4"
"wcharlingp@europa.eu";"mZ3h1pG4"
"dhellwinggq@tiny.cc";"mZ3h1pG4"
"reslemontgr@wikia.com";"mZ3h1pG4"
"mshelmerdinegs@blogger.com";"mZ3h1pG4"
"pdibatistagt@sfgate.com";"mZ3h1pG4"
"kmachostegu@webnode.com";"mZ3h1pG4"
"descreetgv@edublogs.org";"mZ3h1pG4"
"adignumgw@sourceforge.net";"mZ3h1pG4"
"emonksgx@yelp.com";"mZ3h1pG4"
"ehanigangy@auda.org.au";"mZ3h1pG4"
"fstollenbeckergz@dagondesign.com";"mZ3h1pG4"
"aburgoth0@eventbrite.com";"mZ3h1pG4"
"vvogth1@bluehost.com";"mZ3h1pG4"
"jbenedickh2@squarespace.com";"mZ3h1pG4"
"ggaspardh3@ucoz.ru";"mZ3h1pG4"
"mhairsh4@shinystat.com";"mZ3h1pG4"
"ksteaningh5@miitbeian.gov.cn";"mZ3h1pG4"
"htarth6@list-manage.com";"mZ3h1pG4"
"zpetelh7@examiner.com";"mZ3h1pG4"
"mmacgillaveryh8@fc2.com";"mZ3h1pG4"
"gshavesh9@walmart.com";"mZ3h1pG4"
"ckleesha@google.pl";"mZ3h1pG4"
"pmcffadenhb@washingtonpost.com";"mZ3h1pG4"
"ccrowcrofthc@drupal.org";"mZ3h1pG4"
"gmastershd@google.de";"mZ3h1pG4"
"gmarlerhe@state.tx.us";"mZ3h1pG4"
"rmurpheyhf@addthis.com";"mZ3h1pG4"
"cboatwrighthg@unicef.org";"mZ3h1pG4"
"jmcdugalhh@1688.com";"mZ3h1pG4"
"mcheakehi@google.nl";"mZ3h1pG4"
"ijanuszhj@squarespace.com";"mZ3h1pG4"
"tcrosbyhk@tuttocitta.it";"mZ3h1pG4"
"gbrigginshawhl@mlb.com";"mZ3h1pG4"
"atubblehm@uol.com.br";"mZ3h1pG4"
"kdongallhn@tinyurl.com";"mZ3h1pG4"
"colifardho@shutterfly.com";"mZ3h1pG4"
"mspeermanhp@squidoo.com";"mZ3h1pG4"
"bsemkenhq@artisteer.com";"mZ3h1pG4"
"escrigmourhr@ustream.tv";"mZ3h1pG4"
"aobrienhs@flickr.com";"mZ3h1pG4"
"braynerht@bbb.org";"mZ3h1pG4"
"lmactrustyhu@goodreads.com";"mZ3h1pG4"
"ntrendlehv@linkedin.com";"mZ3h1pG4"
"djanczewskihw@mail.ru";"mZ3h1pG4"
"hwetwoodhx@shareasale.com";"mZ3h1pG4"
"mnylandhy@t-online.de";"mZ3h1pG4"
"bwellerhz@unc.edu";"AHF7GoQ6"
"nwaddilowi0@google.com.br";"AHF7GoQ6"
"ggiddonsi1@wikispaces.com";"AHF7GoQ6"
"ddevonporti2@ft.com";"AHF7GoQ6"
"mvermeri3@army.mil";"AHF7GoQ6"
"npeegremi4@vk.com";"AHF7GoQ6"
"tsherai5@cbsnews.com";"AHF7GoQ6"
"rguerolai6@tinyurl.com";"AHF7GoQ6"
"ljobbi7@mapy.cz";"AHF7GoQ6"
"whamlyi8@comsenz.com";"AHF7GoQ6"
"ccalleari9@e-recht24.de";"AHF7GoQ6"
"rhamflettia@telegraph.co.uk";"AHF7GoQ6"
"ogilbaneib@de.vu";"AHF7GoQ6"
"hlodyic@time.com";"AHF7GoQ6"
"rrealphid@skype.com";"AHF7GoQ6"
"elafranconiie@globo.com";"AHF7GoQ6"
"ppattemoreif@huffingtonpost.com";"AHF7GoQ6"
"yslocomig@usda.gov";"AHF7GoQ6"
"knickolsih@nifty.com";"AHF7GoQ6"
"dpendreii@reference.com";"AHF7GoQ6"
"aheijnenij@accuweather.com";"AHF7GoQ6"
"paucuttik@weather.com";"AHF7GoQ6"
"klowbridgeil@usnews.com";"AHF7GoQ6"
"aberrillim@homestead.com";"AHF7GoQ6"
"dornilsin@cnet.com";"AHF7GoQ6"
"edorracottio@usgs.gov";"AHF7GoQ6"
"crosanderip@independent.co.uk";"AHF7GoQ6"
"ebatchelouriq@cpanel.net";"AHF7GoQ6"
"fsaltmarsheir@samsung.com";"AHF7GoQ6"
"kmcmechanis@msu.edu";"AHF7GoQ6"
"ddurlingit@naver.com";"AHF7GoQ6"
"cgerrietziu@google.com.br";"AHF7GoQ6"
"nmccaheyiv@hostgator.com";"AHF7GoQ6"
"tgullisiw@google.cn";"AHF7GoQ6"
"irasherix@guardian.co.uk";"AHF7GoQ6"
"lmaccallumiy@taobao.com";"AHF7GoQ6"
"nsantoniz@mit.edu";"AHF7GoQ6"
"kmacafeej0@unesco.org";"AHF7GoQ6"
"btitmanj1@google.co.uk";"AHF7GoQ6"
"fllywarchj2@bloomberg.com";"AHF7GoQ6"
"dlippardj3@shutterfly.com";"AHF7GoQ6"
"afinnemorej4@fc2.com";"AHF7GoQ6"
"twharltonj5@webeden.co.uk";"AHF7GoQ6"
"sisworthj6@nps.gov";"AHF7GoQ6"
"rskaifj7@hubpages.com";"AHF7GoQ6"
"ssnazlej8@nature.com";"AHF7GoQ6"
"gwallwoodj9@joomla.org";"AHF7GoQ6"
"lvanhalenja@walmart.com";"AHF7GoQ6"
"bjirasekjb@google.nl";"AHF7GoQ6"
"spennonejc@ifeng.com";"AHF7GoQ6"
"lstokesjd@blinklist.com";"AHF7GoQ6"
"mragsdaleje@is.gd";"AHF7GoQ6"
"hlosebyjf@whitehouse.gov";"AHF7GoQ6"
"cvaslerjg@domainmarket.com";"AHF7GoQ6"
"amcnallyjh@instagram.com";"AHF7GoQ6"
"cmartinatji@mayoclinic.com";"AHF7GoQ6"
"gjackmanjj@google.pl";"AHF7GoQ6"
"rwileyjk@unblog.fr";"AHF7GoQ6"
"halsinajl@twitpic.com";"AHF7GoQ6"
"novendonjm@blogger.com";"AHF7GoQ6"
"spinneyjn@bigcartel.com";"AHF7GoQ6"
"cdiprosejo@prweb.com";"AHF7GoQ6"
"cshakshaftjp@freewebs.com";"AHF7GoQ6"
"jsherstonjq@delicious.com";"AHF7GoQ6"
"mschneidarjr@mlb.com";"AHF7GoQ6"
"sberminghamjs@baidu.com";"AHF7GoQ6"
"mtomczakjt@independent.co.uk";"AHF7GoQ6"
"bstellmanju@behance.net";"AHF7GoQ6"
"ctobiasjv@nature.com";"yfiK1u8d"
"vrigtsjw@usa.gov";"yfiK1u8d"
"cwhyberdjx@addtoany.com";"yfiK1u8d"
"acortenjy@about.me";"yfiK1u8d"
"vmoysejz@wikipedia.org";"yfiK1u8d"
"rslatek0@facebook.com";"yfiK1u8d"
"bmaccaffreyk1@ted.com";"yfiK1u8d"
"bdockeryk2@gizmodo.com";"yfiK1u8d"
"bchillcotk3@webmd.com";"yfiK1u8d"
"tschulkek4@sciencedaily.com";"yfiK1u8d"
"cdullinghamk5@indiegogo.com";"yfiK1u8d"
"dgeertsenk6@chronoengine.com";"yfiK1u8d"
"squarmbyk7@xinhuanet.com";"yfiK1u8d"
"traesidek8@vk.com";"yfiK1u8d"
"rnecrewsk9@g.co";"yfiK1u8d"
"rwellingska@fotki.com";"yfiK1u8d"
"sfolikb@sciencedirect.com";"yfiK1u8d"
"bakettkc@t.co";"yfiK1u8d"
"eeilertkd@wiley.com";"yfiK1u8d"
"mjozefczakke@ovh.net";"yfiK1u8d"
"lpilfoldkf@soundcloud.com";"yfiK1u8d"
"mrickarseykg@forbes.com";"yfiK1u8d"
"tshentonkh@sohu.com";"yfiK1u8d"
"gloxdaleki@cbslocal.com";"yfiK1u8d"
"pprigmorekj@joomla.org";"yfiK1u8d"
"fjandakkk@businessweek.com";"yfiK1u8d"
"gblenkharnkl@dailymotion.com";"yfiK1u8d"
"geggertonkm@wordpress.com";"yfiK1u8d"
"lavrahamiankn@vk.com";"yfiK1u8d"
"jogelbeko@xrea.com";"yfiK1u8d"
"streblekp@omniture.com";"yfiK1u8d"
"rmanlowkq@oakley.com";"yfiK1u8d"
"pcushkr@stumbleupon.com";"yfiK1u8d"
"jsetchfieldks@wordpress.org";"yfiK1u8d"
"mallnerkt@wired.com";"yfiK1u8d"
"astiversku@360.cn";"yfiK1u8d"
"msneydkv@google.com.hk";"yfiK1u8d"
"aelsburykw@sciencedirect.com";"yfiK1u8d"
"dswalowekx@tiny.cc";"yfiK1u8d"
"spettingerky@whitehouse.gov";"yfiK1u8d"
"msizzeykz@wordpress.org";"yfiK1u8d"
"lrosenblattl0@cbslocal.com";"yfiK1u8d"
"misaacsonl1@icq.com";"yfiK1u8d"
"bleicesterl2@about.me";"yfiK1u8d"
"kquinceyl3@salon.com";"yfiK1u8d"
"fabrahamil4@wikia.com";"yfiK1u8d"
"ccoringtonl5@omniture.com";"yfiK1u8d"
"echinnockl6@businessweek.com";"yfiK1u8d"
"datlayl7@hubpages.com";"yfiK1u8d"
"llilburnel8@flickr.com";"yfiK1u8d"
"mkeyzmanl9@nhs.uk";"yfiK1u8d"
"odebowla@php.net";"yfiK1u8d"
"bgudgenlb@topsy.com";"yfiK1u8d"
"ncearleylc@fda.gov";"yfiK1u8d"
"lcordeauld@zdnet.com";"yfiK1u8d"
"swhitlamle@japanpost.jp";"yfiK1u8d"
"tmathenlf@theguardian.com";"yfiK1u8d"
"fewbanklg@uol.com.br";"yfiK1u8d"
"rrossantlh@tmall.com";"yfiK1u8d"
"zcosensli@nyu.edu";"yfiK1u8d"
"eashingdenlj@state.gov";"yfiK1u8d"
"bperettlk@chronoengine.com";"yfiK1u8d"
"tgethingll@utexas.edu";"yfiK1u8d"
"vmattiatolm@netscape.com";"yfiK1u8d"
"nanderschln@cloudflare.com";"yfiK1u8d"
"dmcandrewlo@tmall.com";"yfiK1u8d"
"tthrustlelp@drupal.org";"yfiK1u8d"
"hreedielq@plala.or.jp";"yfiK1u8d"
"awiltshirelr@army.mil";"yfiK1u8d"
"cjestyls@wunderground.com";"yfiK1u8d"
"noppylt@ebay.co.uk";"yfiK1u8d"
"aeyrelu@chronoengine.com";"yfiK1u8d"
"shardenlv@nbcnews.com";"LNtjFtKe"
"grogersonlw@economist.com";"LNtjFtKe"
"htidmanlx@usgs.gov";"LNtjFtKe"
"crohloffly@google.ru";"LNtjFtKe"
"dcrotherslz@blogspot.com";"LNtjFtKe"
"hmcandiem0@fastcompany.com";"LNtjFtKe"
"lessebym1@amazon.co.jp";"LNtjFtKe"
"lmullengerm2@ifeng.com";"LNtjFtKe"
"myuillem3@ocn.ne.jp";"LNtjFtKe"
"acanetem4@salon.com";"LNtjFtKe"
"hapflerm5@cnet.com";"LNtjFtKe"
"aescofierm6@hc360.com";"LNtjFtKe"
"aschruyerm7@mtv.com";"LNtjFtKe"
"lfilipicm8@goo.gl";"LNtjFtKe"
"jschrievesm9@comcast.net";"LNtjFtKe"
"kcrawma@cdbaby.com";"LNtjFtKe"
"msutcliffemb@apache.org";"LNtjFtKe"
"kbullusmc@wisc.edu";"LNtjFtKe"
"vgippmd@123-reg.co.uk";"LNtjFtKe"
"mmahareyme@netscape.com";"LNtjFtKe"
"bprinemf@blogspot.com";"LNtjFtKe"
"bbrichammg@technorati.com";"LNtjFtKe"
"mtinseymh@npr.org";"LNtjFtKe"
"jwipermi@sciencedirect.com";"LNtjFtKe"
"lfindlowmj@pagesperso-orange.fr";"LNtjFtKe"
"imarwickmk@issuu.com";"LNtjFtKe"
"rcollacombeml@github.io";"LNtjFtKe"
"dhamshawmm@sakura.ne.jp";"LNtjFtKe"
"jcubittmn@hibu.com";"LNtjFtKe"
"aamblermo@marketwatch.com";"LNtjFtKe"
"ahrinchenkomp@hexun.com";"LNtjFtKe"
"gwisemanmq@netscape.com";"LNtjFtKe"
"lclissoldmr@alexa.com";"LNtjFtKe"
"sdecastrims@tamu.edu";"LNtjFtKe"
"ajaksicmt@soup.io";"LNtjFtKe"
"amcfallmu@technorati.com";"LNtjFtKe"
"tboothemv@flavors.me";"LNtjFtKe"
"cmiklemmw@ehow.com";"LNtjFtKe"
"sdragoemx@oracle.com";"LNtjFtKe"
"cpaynesmy@cyberchimps.com";"LNtjFtKe"
"jbambermz@bbb.org";"LNtjFtKe"
"jmethringhamn0@spotify.com";"LNtjFtKe"
"sosgoodn1@netvibes.com";"LNtjFtKe"
"ttzukern2@pagesperso-orange.fr";"LNtjFtKe"
"bmonkleighn3@booking.com";"LNtjFtKe"
"hmarciskewskin4@symantec.com";"LNtjFtKe"
"aconradn5@blogger.com";"LNtjFtKe"
"jstockleyn6@bloomberg.com";"LNtjFtKe"
"hattwoolln7@utexas.edu";"LNtjFtKe"
"kbodhamn8@tiny.cc";"LNtjFtKe"
"auren9@bbc.co.uk";"LNtjFtKe"
"mginnalyna@chicagotribune.com";"LNtjFtKe"
"lchadwennb@smh.com.au";"LNtjFtKe"
"mbosomworthnc@google.co.uk";"LNtjFtKe"
"rmacgowannd@patch.com";"LNtjFtKe"
"rkrollmanne@si.edu";"LNtjFtKe"
"hcaternf@ftc.gov";"LNtjFtKe"
"gdanslowng@blogtalkradio.com";"LNtjFtKe"
"mhinernh@wikipedia.org";"LNtjFtKe"
"tclawsonni@symantec.com";"LNtjFtKe"
"lbartoszewskinj@chronoengine.com";"LNtjFtKe"
"pbellefontenk@tinyurl.com";"LNtjFtKe"
"ialldrenl@pinterest.com";"LNtjFtKe"
"shurndallnm@wikimedia.org";"LNtjFtKe"
"krogisternn@statcounter.com";"LNtjFtKe"
"mroggierino@mit.edu";"LNtjFtKe"
"rruzickanp@yellowpages.com";"LNtjFtKe"
"rliebernq@lulu.com";"LNtjFtKe"
"cburlingnr@1und1.de";"BlOv112C"
"sthiesens@google.pl";"BlOv112C"
"ecostallnt@nsw.gov.au";"BlOv112C"
"egaggnu@who.int";"BlOv112C"
"yrubinfajnnv@4shared.com";"BlOv112C"
"fbattanynw@cnn.com";"BlOv112C"
"selsdonnx@slashdot.org";"BlOv112C"
"rkearnny@stumbleupon.com";"BlOv112C"
"bburrennz@amazon.com";"BlOv112C"
"codooghaineo0@amazonaws.com";"BlOv112C"
"iolleyo1@pen.io";"BlOv112C"
"psillimano2@washingtonpost.com";"BlOv112C"
"treysono3@nature.com";"BlOv112C"
"alardeuxo4@slate.com";"BlOv112C"
"wwhyborneo5@fc2.com";"BlOv112C"
"tlateyo6@vistaprint.com";"BlOv112C"
"dcrimino7@msn.com";"BlOv112C"
"eswoffero8@pcworld.com";"BlOv112C"
"arainsdeno9@walmart.com";"BlOv112C"
"aparzizekoa@amazon.com";"BlOv112C"
"kpavlenkoob@intel.com";"BlOv112C"
"rpreddyoc@vistaprint.com";"BlOv112C"
"vbrusbyod@over-blog.com";"BlOv112C"
"jstrognelloe@businessinsider.com";"BlOv112C"
"omacbarronof@yellowpages.com";"BlOv112C"
"plathwoodog@google.pl";"BlOv112C"
"kgotecliffeoh@nbcnews.com";"BlOv112C"
"kfantioi@blog.com";"BlOv112C"
"mtillotoj@irs.gov";"BlOv112C"
"amocquerok@csmonitor.com";"BlOv112C"
"ewalburnol@hao123.com";"BlOv112C"
"rangusom@google.pl";"BlOv112C"
"pclementuccion@e-recht24.de";"BlOv112C"
"lpearchoo@discuz.net";"BlOv112C"
"byearbyop@freewebs.com";"BlOv112C"
"mduchenneoq@tumblr.com";"BlOv112C"
"dtronior@ocn.ne.jp";"BlOv112C"
"fdykasos@google.it";"BlOv112C"
"mbolstridgeot@desdev.cn";"BlOv112C"
"lsidwellou@census.gov";"BlOv112C"
"gpitkethlyov@epa.gov";"BlOv112C"
"doxbroughow@dot.gov";"BlOv112C"
"sandreiaox@hc360.com";"BlOv112C"
"lmatyasikoy@cdc.gov";"BlOv112C"
"dokynsillagheoz@devhub.com";"BlOv112C"
"gdrip0@cbsnews.com";"BlOv112C"
"epavolinip1@people.com.cn";"BlOv112C"
"ksnoddinp2@parallels.com";"BlOv112C"
"nsivellp3@arstechnica.com";"BlOv112C"
"rwiggansp4@europa.eu";"BlOv112C"
"apankethp5@bravesites.com";"BlOv112C"
"olestorp6@dot.gov";"BlOv112C"
"troggerp7@chronoengine.com";"BlOv112C"
"kbouttonp8@networksolutions.com";"BlOv112C"
"fjankowskip9@infoseek.co.jp";"BlOv112C"
"mkittlespa@cam.ac.uk";"BlOv112C"
"bcaterpb@networkadvertising.org";"BlOv112C"
"kbrunelpc@merriam-webster.com";"BlOv112C"
"rhowbrookpd@sina.com.cn";"BlOv112C"
"cgrellispe@acquirethisname.com";"BlOv112C"
"dtetsallpf@cornell.edu";"BlOv112C"
"ypimblottpg@comcast.net";"BlOv112C"
"wbruceph@shutterfly.com";"BlOv112C"
"mdillingstonpi@purevolume.com";"XTZMFzDD"
"dcamplenpj@elegantthemes.com";"XTZMFzDD"
"astrottonpk@phpbb.com";"XTZMFzDD"
"egrzeszczakpl@ezinearticles.com";"XTZMFzDD"
"dwoollcottpm@list-manage.com";"XTZMFzDD"
"condrakpn@icq.com";"XTZMFzDD"
"tsmardonpo@wisc.edu";"XTZMFzDD"
"dmccullypp@springer.com";"XTZMFzDD"
"arowettpq@ucla.edu";"XTZMFzDD"
"ltichnerpr@exblog.jp";"XTZMFzDD"
"apawelsps@drupal.org";"XTZMFzDD"
"tbuchanpt@pcworld.com";"XTZMFzDD"
"afitzroypu@mozilla.com";"XTZMFzDD"
"aadmanspv@nyu.edu";"XTZMFzDD"
"ybissexpw@princeton.edu";"XTZMFzDD"
"sfrenzelpx@eventbrite.com";"XTZMFzDD"
"scorypy@topsy.com";"XTZMFzDD"
"ttidcombpz@trellian.com";"XTZMFzDD"
"vbillingeq0@hexun.com";"XTZMFzDD"
"hzecchiiq1@networkadvertising.org";"XTZMFzDD"
"csebyerq2@macromedia.com";"XTZMFzDD"
"rcattowq3@google.com.br";"XTZMFzDD"
"lbagenalq4@yolasite.com";"XTZMFzDD"
"egifkinsq5@statcounter.com";"XTZMFzDD"
"pwhinrayq6@utexas.edu";"XTZMFzDD"
"lmasseoq7@barnesandnoble.com";"XTZMFzDD"
"opauncefortq8@dedecms.com";"XTZMFzDD"
"bdebillq9@tripadvisor.com";"XTZMFzDD"
"kvannucciniqa@123-reg.co.uk";"XTZMFzDD"
"cstedsonqb@lycos.com";"XTZMFzDD"
"kcollocottqc@seattletimes.com";"XTZMFzDD"
"jgarnarqd@phpbb.com";"XTZMFzDD"
"rleatesqe@hugedomains.com";"XTZMFzDD"
"gpettiqf@wsj.com";"XTZMFzDD"
"tkabischqg@barnesandnoble.com";"XTZMFzDD"
"msuthworthqh@sina.com.cn";"XTZMFzDD"
"lmarquetqi@twitpic.com";"XTZMFzDD"
"tleaheyqj@altervista.org";"XTZMFzDD"
"jcockertonqk@merriam-webster.com";"XTZMFzDD"
"cgummerql@ocn.ne.jp";"XTZMFzDD"
"ahunnybunqm@wufoo.com";"XTZMFzDD"
"astembridgeqn@last.fm";"XTZMFzDD"
"bmacanespieqo@storify.com";"XTZMFzDD"
"wcashenqp@forbes.com";"XTZMFzDD"
"cloudianqq@census.gov";"XTZMFzDD"
"vvasiliuqr@va.gov";"XTZMFzDD"
"vocarrollqs@a8.net";"XTZMFzDD"
"siannazziqt@flickr.com";"XTZMFzDD"
"aweathersqu@taobao.com";"XTZMFzDD"
"smalamoreqv@mail.ru";"XTZMFzDD"
"orosendahlqw@yahoo.co.jp";"XTZMFzDD"
"dsemarkqx@jiathis.com";"XTZMFzDD"
"jelveyqy@hao123.com";"XTZMFzDD"
"cgoodgerqz@elpais.com";"XTZMFzDD"
"nhubbucksr0@zdnet.com";"XTZMFzDD"
"fcawoodr1@nasa.gov";"XTZMFzDD"
"jbendelr2@spotify.com";"XTZMFzDD"
"ppatingtonr3@webmd.com";"XTZMFzDD"
"egruter4@ameblo.jp";"XTZMFzDD"
"kcolviller5@bbb.org";"XTZMFzDD"
"eoughtrightr6@smh.com.au";"XTZMFzDD"
"pdimitrescor7@google.co.jp";"XTZMFzDD"
"leldredr8@theglobeandmail.com";"XTZMFzDD"
"vtuttiettr9@fc2.com";"XTZMFzDD"
"ybaskeyfiedra@tripod.com";"XTZMFzDD"
"pcardenosorb@gmpg.org";"XTZMFzDD"
"dbaptistarc@zdnet.com";"XTZMFzDD"
"eturvierd@simplemachines.org";"XTZMFzDD"
"erotherhamre@nps.gov";"XTZMFzDD"
"jfetherstanrf@tripadvisor.com";"tAkkTxNF"
"fcurcherrg@engadget.com";"tAkkTxNF"
"cswinnertonrh@scientificamerican.com";"tAkkTxNF"
"mmacdermottri@etsy.com";"tAkkTxNF"
"laldcornerj@lulu.com";"tAkkTxNF"
"jskocroftrk@soup.io";"tAkkTxNF"
"tbrounfieldrl@themeforest.net";"tAkkTxNF"
"wdeeneyrm@163.com";"tAkkTxNF"
"echolmondeleyrn@behance.net";"tAkkTxNF"
"jnuddro@altervista.org";"tAkkTxNF"
"bellereyrp@miibeian.gov.cn";"tAkkTxNF"
"mbulliventrq@dyndns.org";"tAkkTxNF"
"smedcalferr@trellian.com";"tAkkTxNF"